"Days","4 vCPU (pool 40)"
1,"n/a"
2,"n/a"
5,"n/a"
10,"n/a"
20,"0:00:55.884633"
30,"0:01:42.349963"
60,"0:02:54.025920"
90,"0:04:41.741785"
120,"0:04:49.123620"
20,"0:00:55.884633"
30,"0:01:42.349963"
60,"0:02:54.025920"
90,"0:04:41.741785"
120,"0:04:49.123620"
150,"0:04:50.255267"
180,"0:05:14.823982"
240,"0:08:23.918683"
365,"0:12:55.349077"
