"Days","4 vCPU pool(24)"
1,"0:00:35.578417"
2,"0:00:36.691917"
5,"0:00:29.507568"
10,"0:00:41.626779"
20,"0:01:19.611099"
30,"0:01:50.693140"
60,"0:03:45.913396"
90,"0:04:54.867481"
120,"0:05:29.756199"
150,"0:04:58.711451"
180,"0:05:42.827771"
240,"0:07:24.773455"
365,"0:15:37.984147"
570,"0:21:15.326286"
