"Days","4 vCPU (multiproc)","4 vCPU (pool 40)","4 vCPU pool(24)"
1,"0:00:14.884281","n/a","0:00:35.578417"
2,"0:00:25.187092","n/a","0:00:36.691917"
5,"0:00:32.200277","n/a","0:00:29.507568"
10,"0:00:36.835841","n/a","0:00:41.626779"
20,"0:01:00.844882","0:00:55.884633","0:01:19.611099"
30,"0:01:26.584030","0:01:42.349963","0:01:50.693140"
60,"0:03:00.920877","0:02:54.025920","0:03:45.913396"
90,"n/a","0:04:41.741785","0:04:54.867481"
120,"n/a","0:04:49.123620","0:05:29.756199"
150,"n/a","0:04:50.255267","0:04:58.711451"
180,"n/a","0:05:14.823982","0:05:42.827771"
240,"n/a","0:08:23.918683","0:07:24.773455"
365,"n/a","0:12:55.349077","0:15:37.984147"
570,"n/a","n/a","0:21:15.326286"
